logged_at,run_id,event_id,headline,decision,priority,owner_team,status,routed_by,risk_count,why,hubspot_task_id,slack_posted,latency_s,cost_usd
2026-10-09 10:56:57,v2-50,evt_v2-50_0004,,block,low,Gatekeeper,blocked,skipped,1,Blocked by Gatekeeper: missing_headline,,no,0,0
2026-10-09 10:56:57,v2-50,evt_v2-50_0007,"Stay warm, look chic!",block,low,Gatekeeper,blocked,skipped,1,Blocked by Gatekeeper: invalid_created_at,,no,0.2,0
2026-10-09 10:57:03,v2-50,evt_v2-50_0006,Upgrade your wardrobe with a touch of luxury!,auto_approve,high,Lifecycle & Email,completed,ai,0,"Strong email variant with no content or compliance risks. Headline works as a subject line, body supports the offer, and CTA is clear. Conversion rate of 0.15 (15%) is solid performance that justifies urgent routing.",405966640871,yes,6.5,0.003861
2026-10-09 10:57:03,v2-50,evt_v2-50_0008,Discover elegance with a twist!,auto_approve,urgent,Paid Media,completed,ai,1,"Strong performance (conversion_rate 0.13, roi 7.74) with only a minor channel-fit issue (headline 2 chars over limit) and a low-severity urgency flag. The copy is engaging and on-brand. Auto-approve with a quick headline trim.",405979909865,yes,6.6,0.004231
2026-10-09 10:57:04,v2-50,evt_v2-50_0014,,block,low,Gatekeeper,blocked,skipped,3,"Blocked by Gatekeeper: missing_headline, missing_cta, popper_quality_gate_failed",,no,0,0
2026-10-09 10:57:04,v2-50,evt_v2-50_0002,"Introducing the Pencil Skirt: Elegance meets comfort with this knee-length, slim-fitting skirt.",auto_approve,high,Social & Influencer,completed,ai,0,"No HIGH or MEDIUM flags detected. Strong conversion rate (0.14) and engagement (8/10) warrant urgent approval. Copy is authentic, well-structured for Instagram feed, and resonates with target audience (Women 25-34).",405986992882,yes,6.9,0.004005
2026-10-09 10:57:04,v2-50,evt_v2-50_0009,Introducing Cigarette pants!,auto_approve,normal,Social & Influencer,completed,ai,0,"The variant is well-suited to Instagram with a clear hook, readable copy, and strong CTA. No placeholder text, unverifiable claims, or tone risks detected. Performance is moderate (4% conversion, 2.03 ROI) but acceptable with no flags blocking approval.",405963677375,yes,7.5,0.004044
2026-10-09 10:57:04,v2-50,evt_v2-50_0011,Discover elegance redefined with our Bell-sleeve blouse.,auto_approve,normal,Social & Influencer,completed,ai,1,Copy is well-suited to Facebook with a clear emotional hook and readable structure. The low-severity false urgency flag is minor and typical of fashion marketing; conversion rate of 0.1 is solid for this audience and channel. No blockers present.,405966806764,yes,6.6,0.004097
2026-10-09 10:57:04,v2-50,evt_v2-50_0017,Discover our sleek Quilted Vest!,block,low,Gatekeeper,blocked,skipped,1,Blocked by Gatekeeper: invalid_created_at,,no,0.1,0
2026-10-09 10:57:04,v2-50,evt_v2-50_0012,Step into style with our versatile Ankle Boots!,needs_review,normal,Social & Influencer,completed,ai,2,"HIGH-severity placeholder text blocks auto-approval. MEDIUM channel_mismatch requires rewrite for YouTube video format (spoken hook, video-native CTA). ROI 6.33 and conversion 0.07 are solid but not urgent-tier.",405987930861,yes,6.7,0.00447
2026-10-09 10:57:05,v2-50,evt_v2-50_0001,Discover Harem Pants!,needs_review,normal,Social & Influencer,completed,ai,2,"Variant is publishable but has room for improvement. The false-urgency flag is minor (no HIGH risk). Channel fit is acceptable (score 3) but could be stronger with a benefit-led hook. Moderate performance (CR 0.09, ROI 5.58) + LOW flags = needs_review for quality polish before shipping.",405966581439,yes,8.3,0.004676
2026-10-09 10:57:05,v2-50,evt_v2-50_0021,Introducing our chic Halter-neck Top!,block,low,Gatekeeper,blocked,skipped,2,"Blocked by Gatekeeper: missing_cta, popper_quality_gate_failed",,no,0,0
2026-10-09 10:57:05,v2-50,evt_v2-50_0005,Elevate your style to dazzling heights with our Embellished Pumps!,needs_review,high,Social & Influencer,completed,ai,1,"Strong performance metrics (14% conversion, 7.89 ROI) warrant approval pathway, but the audience-product mismatch is a medium-severity channel risk. Needs creative review to confirm audience targeting is correct or messaging should be reframed.",405859666651,yes,8.7,0.004692
2026-10-09 10:57:05,v2-50,evt_v2-50_0003,Discover the perfect blend of style & durability!,needs_review,normal,Social & Influencer,completed,ai,1,"The variant has solid Instagram structure (strong hook, good tone), but the body text exceeds safe truncation limits for the platform. The audience fit is weak (Health & Wellness mismatch with a fashion product) and ROI of 7.19 is solid but conversion_rate of 0.01 is very low. Needs review to condense the body copy and confirm audience-channel alignment.",405859666652,yes,8.8,0.004668
2026-10-09 10:57:06,v2-50,evt_v2-50_0024,,block,low,Gatekeeper,blocked,skipped,1,Blocked by Gatekeeper: missing_headline,,no,0,0
2026-10-09 10:57:06,v2-50,evt_v2-50_0010,Introducing Gladiator Sandals: Unleash your inner warrior with our bold crisscross design - Strut in style & comfort with multiple buckles/ties for a perfect fit.,needs_review,high,Social & Influencer,completed,ai,2,"Strong performance (13% conversion rate, 7.46 ROI) qualifies for high priority, but the copy is formatted as written ad copy, not YouTube's spoken-video format. Needs review and rewrite before publishing.",405924769477,yes,9.2,0.004965
2026-10-09 10:57:10,v2-50,evt_v2-50_0018,Introducing the Chenille Sweater: Experience ultimate warmth & comfort in our deluxe plush knitwear.,auto_approve,normal,Social & Influencer,completed,ai,0,No HIGH or MEDIUM risk flags. Channel fit is strong (4/5) for Facebook. Conversion rate (0.10) and ROI (5.25) are solid but below urgent threshold; normal priority is appropriate.,405987701467,yes,4.8,0.004019
2026-10-09 10:57:11,v2-50,evt_v2-50_0022,Upgrade your wardrobe with our chic Jumpsuit – the perfect blend of style and comfort.,auto_approve,normal,Lifecycle & Email,completed,ai,0,"Clean email variant with no placeholder text, unverifiable claims, or tone risks. Channel fit is strong; copy is email-native and conversion metrics are solid (7.24 ROI). Market context on social media regulation is not relevant to this email campaign.",405966677712,yes,5.7,0.003959
2026-10-09 10:57:11,v2-50,evt_v2-50_0027,Introducing the Gingham Dress: Timeless & Chic!,block,low,Gatekeeper,blocked,skipped,1,Blocked by Gatekeeper: invalid_created_at,,no,0,0
2026-10-09 10:57:12,v2-50,evt_v2-50_0016,Discover the cozy Slouchy Beanie - your ultimate cold-weather accessory!,needs_review,normal,Social & Influencer,completed,ai,1,"The variant has no HIGH-risk flags and acceptable performance (5% conversion, 6.15 ROI), but channel fit is weak (score 2). YouTube requires a spoken-style hook and clear visual CTA; this reads as static product copy. Needs rewrite to engage video viewers.",405924769483,yes,8.1,0.004763
2026-10-09 10:57:12,v2-50,evt_v2-50_0015,Discover unparalleled sparkle & glamour with our new Sequined Dress!,needs_review,normal,Lifecycle & Email,completed,ai,2,"The headline exceeds email subject line length limits (65 vs. 60 characters) and unverifiable superlatives ('unparalleled', 'ultimate') warrant review. Audience-product fit is also questionable (men 18-24 + sequined dress). Low conversion rate (0.06) and weak ROI (2.7) suggest the variant needs refinement before send.",405966460665,yes,8.2,0.00485
2026-10-09 10:57:12,v2-50,evt_v2-50_0029,Discover the perfect blend of style & comfort with our Shift Dress - the ultimate wardrobe staple that flatters every shape!,block,low,Gatekeeper,blocked,skipped,2,"Blocked by Gatekeeper: missing_cta, popper_quality_gate_failed",,no,0,0
2026-10-09 10:57:12,v2-50,evt_v2-50_0013,Discover unparalleled comfort & style with our Palazzo pants!,needs_review,normal,Social & Influencer,completed,ai,2,"Channel fit is acceptable (score 3) but a MEDIUM channel_mismatch flag exists: the copy emphasizes fashion and wardrobe elevation, while the audience targets outdoor adventurers who likely expect functional, adventure-focused messaging. Needs review to realign tone and value proposition.",405966334661,yes,8.8,0.004894
2026-10-09 10:57:12,v2-50,evt_v2-50_0023,Discover our top-selling Skinny Jeans – designed to sculpt your figure and flatter every curve!,auto_approve,high,Paid Media,completed,ai,0,"Strong conversion rate (0.14, well above 0.12 threshold) and solid engagement make this auto-approvable. Headline is long for a single-line Google Ads headline but acceptable in RSA format; body and CTA are clean, on-brand, and actionable. No compliance or content risks detected.",405862844121,yes,6.7,0.004233
2026-10-09 10:57:13,v2-50,evt_v2-50_0025,"Introducing the Boyfriend Blazer: Effortlessly chic, oversized, and perfect for any occasion.",needs_review,normal,Social & Influencer,completed,ai,1,"Variant has no HIGH-severity flags and no placeholder text or false claims. However, channel_fit scores 2 (below threshold) and the medium-severity channel_mismatch flag requires review. YouTube performance (conversion_rate 0.07, roi 3.29) is below strong threshold, and the copy needs adaptation to work as a video asset.",405987901166,yes,7.2,0.004779
2026-10-09 10:57:13,v2-50,evt_v2-50_0020,"Discover high-waist jeans, perfect for flattering your figure!",needs_review,normal,Social & Influencer,completed,ai,2,"Copy is well-written and on-brand, but the tone and hook feel more suited to email or website than Instagram's visual-first, conversational culture. The medium-severity channel_mismatch and generic CTA warrant review before publishing to ensure alignment with platform best practices and audience expectations.",405960284879,yes,8.1,0.00485
2026-10-09 10:57:13,v2-50,evt_v2-50_0034,,block,low,Gatekeeper,blocked,skipped,1,Blocked by Gatekeeper: missing_headline,,no,0,0
2026-10-09 10:57:13,v2-50,evt_v2-50_0019,"Discover timeless Riding Boots 🐎 Elegant knee-high protection for equestrians, yet versatile enough for everyday fashion.",needs_review,normal,Paid Media,completed,ai,2,"Headline violates Google Ads character and format constraints (emoji, excessive length), and the equestrian/fashion positioning doesn't align with the Health & Wellness audience brief. Medium-severity channel fit and audience mismatch require copywriter review before approval.",405873973953,yes,8.1,0.005059
2026-10-09 10:57:13,v2-50,evt_v2-50_0036,"Introducing our Floral-Print Dress: Delicate & feminine, this beautifully crafted piece is perfect for any occasion.",block,low,Gatekeeper,blocked,skipped,2,"Blocked by Gatekeeper: missing_cta, popper_quality_gate_failed",,no,0,0
2026-10-09 10:57:13,v2-50,evt_v2-50_0037,Step into elegance with our stunning T-strap sandals!,block,low,Gatekeeper,blocked,skipped,1,Blocked by Gatekeeper: invalid_created_at,,no,0,0
2026-10-09 10:57:14,v2-50,evt_v2-50_0038,Reveal your captivating charm in our Ruched-Top Dress!,block,low,Gatekeeper,blocked,skipped,2,"Blocked by Gatekeeper: missing_cta, popper_quality_gate_failed",,no,0,0
2026-10-09 10:57:14,v2-50,evt_v2-50_0026,"Refine your style with our elegant double-breasted blazer - boasting two parallel rows of buttons, sophistication and polish await.",needs_review,normal,Social & Influencer,completed,ai,2,"The variant has no HIGH-severity risks, but the channel fit is poor (score 2) because the copy is formatted as written product description rather than as a spoken-style video hook. YouTube requires pacing and conversational tone; this needs creative adaptation before launch.",405960284881,yes,7.7,0.004699
2026-10-09 10:57:17,v2-50,evt_v2-50_0032,Discover stunning style in every stitch with our Embroidered Jeans collection!,auto_approve,high,Content & SEO,completed,ai,0,"Strong performance (13% conversion rate, above threshold) with no content risks. Copy is well-suited to website channel and effectively positions the embroidered jeans as a lifestyle upgrade. No blocking issues.",405966769894,yes,4.9,0.003983
2026-10-09 10:57:18,v2-50,evt_v2-50_0026,"Refine your style with our elegant double-breasted blazer - boasting two parallel rows of buttons, sophistication and polish await.",needs_review,normal,Social & Influencer,completed,ai,1,"The variant is technically sound with no HIGH-risk flags, but the channel fit is weak (score 2). YouTube copy should open with a conversational hook and spoken rhythm; this reads as website copy. Performance is moderate (7% conversion, 6x ROI) and confidence is 0.55 — needs creative adaptation before publishing.",405987796725,yes,8,0.004814
2026-10-09 10:57:18,v2-50,evt_v2-50_0031,Discover chic comfort with our stylish Culottes - combining the elegance of skirts & the ease of shorts.,auto_approve,normal,Social & Influencer,completed,ai,0,"Variant is well-crafted for Instagram with a compelling hook, clear product benefit, and natural CTA. No placeholder text, unverifiable claims, or tone risks detected. Channel fit is strong and performance metrics are acceptable (9% conversion, 3.78 ROI).",405987901168,yes,5.9,0.003951
2026-10-09 10:57:19,v2-50,evt_v2-50_0044,,block,low,Gatekeeper,blocked,skipped,1,Blocked by Gatekeeper: missing_headline,,no,0,0
2026-10-09 10:57:19,v2-50,evt_v2-50_0045,Discover our timeless Nautical-striped Sweater!,block,low,Gatekeeper,blocked,skipped,2,"Blocked by Gatekeeper: missing_cta, popper_quality_gate_failed",,no,0,0
2026-10-09 10:57:19,v2-50,evt_v2-50_0033,Discover timeless sophistication with our Windowpane-check Shirt.,needs_review,normal,Social & Influencer,completed,ai,2,HIGH-severity placeholder text ('for both') blocks auto-approval. Channel fit score of 2 indicates YouTube format mismatch; copy should be rewritten as a spoken hook with clear action. Confidence below threshold due to incomplete copy.,405966461630,yes,6.2,0.004333
2026-10-09 10:57:19,v2-50,evt_v2-50_0028,"Discover sleek sophistication with our tailored Sheath Dress - a figure-flattering, knee-length stunner that hugs your curves and exudes effortless elegance.",block,high,Brand & Legal Review,completed,ai,3,Variant must be blocked due to critical channel mismatch (headline and body far exceed Google Ads character limits) and severe audience mismatch (women's fashion copy targeted at men 25-34). Requires legal/brand review before any rewrite.,405966677720,yes,7.2,0.005173
2026-10-09 10:57:19,v2-50,evt_v2-50_0035,Introducing our Geometric-print Maxi Skirt: A unique fusion of modern art & style!,auto_approve,normal,Social & Influencer,completed,ai,1,"Variant is well-suited to Facebook with a strong hook, clear benefit, and actionable CTA. The low-severity flag on marketing language is typical for fashion copy and does not impede approval. Performance metrics (ROI 7.96) support publication.",405885554421,yes,5.6,0.004481
2026-10-09 10:57:19,v2-50,evt_v2-50_0047,Upgrade your wardrobe with our chic Pinafore Dress!,block,low,Gatekeeper,blocked,skipped,1,Blocked by Gatekeeper: invalid_created_at,,no,0,0
2026-10-09 10:57:20,v2-50,evt_v2-50_0030,Upgrade your summer wardrobe with our stylish Capri pants!,needs_review,normal,Social & Influencer,completed,ai,2,"Channel fit is adequate and no HIGH flags present, but the audience-product mismatch (male tech enthusiasts + Capri pants) is a MEDIUM risk that needs review. Conversion rate 0.09 is below strong performance threshold. Recommend repositioning or audience clarification before publish.",405987932888,yes,7.8,0.004723
2026-10-09 10:57:20,v2-50,evt_v2-50_0040,Discover unparalleled style & comfort with our Duster Coats - the perfect blend of chic & lightweight design for a sleek silhouette that falls below the knee.,auto_approve,normal,Social & Influencer,completed,ai,0,"Variant is well-crafted for Facebook with a compelling hook, clear product benefit, and strong CTA. No placeholder text, unverifiable claims, or channel mismatches detected. Normal performance (conversion_rate 0.1, roi 3.74) with clean execution warrants auto-approval.",405901647589,yes,6.3,0.004338
2026-10-09 10:57:21,v2-50,evt_v2-50_0039,Discover the ultimate edgy-chic look with our leather biker jacket!,needs_review,high,Social & Influencer,completed,ai,1,"Strong performance (13% conversion rate, 7.38 ROI) qualifies for high priority, but the copy is not adapted to YouTube's video format and needs structural rework before publishing. No blocking risks, but channel mismatch warrants review.",405966806771,yes,6.9,0.004854
2026-10-09 10:57:21,v2-50,evt_v2-50_0041,"Discover elegance redefined with our timeless Boatneck Blouse - the perfect blend of a classic wide neckline & feminine charm, crafted for your ultimate style statement!",needs_review,normal,Lifecycle & Email,completed,ai,2,"Email subject line significantly exceeds 60-character best practice (current: 87 chars). This will truncate in most inboxes, risking click-through loss. Otherwise solid copy with low-risk tone and clear product focus.",405966335726,yes,7.1,0.004579
2026-10-09 10:57:24,v2-50,evt_v2-50_0043,Introducing our Wide-Leg Trousers: Effortlessly chic and endlessly versatile.,auto_approve,normal,Social & Influencer,completed,ai,0,"No HIGH or MEDIUM severity flags detected. Channel fit is strong (score 4). Copy is polished, brand-appropriate, and free of placeholder text, false claims, or tone risks. Conversion rate of 0.1 and engagement score of 9 indicate solid performance.",405987901173,yes,5.6,0.004106
2026-10-09 10:57:24,v2-50,evt_v2-50_0042,Stay warm this season with our Chunky Knit Sweater!,needs_review,normal,Paid Media,completed,ai,2,Headline exceeds Google Ads' 30-character limit and requires revision. Unverifiable claim and channel tone mismatch warrant review before publication.,405887122139,yes,6.5,0.004653
2026-10-09 10:57:24,v2-50,evt_v2-50_0048,Introducing our trendy Racerback Tank!,auto_approve,normal,Lifecycle & Email,completed,ai,0,"Clean email variant with no HIGH or MEDIUM flags. Headline works as a subject line, body is engaging and benefit-driven, and CTA is clear. Conversion rate (0.04) and ROI (4.93) are solid for the audience segment.",405987932890,yes,5,0.003945
2026-10-09 10:57:24,v2-50,evt_v2-50_0049,Discover the versatile Bolero Jacket!,auto_approve,high,Content & SEO,completed,ai,0,"Strong conversion rate (0.13) and engaging copy with no material risks. Website copy is well-structured, audience-aligned, and conversion-ready. High priority due to proven performance metrics justifying rapid deployment.",405949138657,yes,5,0.003875